"iid","gender","wave","from","zipcode","zip5","census_match","income_2000","zip_median_income_2021","zip_median_income_2021_moe","zip_gini_2021","zip_gini_2021_moe","zip_population_2021","zip_population_2021_moe"
1,0,1,"Chicago","60,521","60521",TRUE,69487,216286,17967,0.5094,0.0177,18004,416
2,0,1,"Alabama","35,223","35223",TRUE,65929,138438,15677,0.5415,0.0483,11432,837
3,0,1,"Connecticut","6,268","06268",TRUE,,33803,8480,0.5883,0.0359,12094,742
4,0,1,"Texas","77,096","77096",TRUE,37754,71930,5519,0.5231,0.0177,32744,2180
5,0,1,"Bowdoin College","94,022","94022",TRUE,86340,250001,,0.4986,0.0207,20069,881
6,0,1,"MD","20,878","20878",TRUE,60304,130469,7018,0.435,0.016,65999,1831
7,0,1,"Southern California","91,360","91360",TRUE,54620,99229,6593,0.4491,0.0193,42984,1404
8,0,1,"London, England","0",,FALSE,,,,,,,
9,0,1,"Palm Springs, California","0",,FALSE,,,,,,,
10,0,1,"94115","19,335","19335",TRUE,48652,121146,6043,0.4135,0.0232,51247,1502
11,1,1,"Argentina","0",,FALSE,,,,,,,
12,1,1,"England","14,850","14850",TRUE,29237,58846,4271,0.5341,0.0158,67991,1125
13,1,1,"Southern California","92,821","92821",TRUE,,105330,7389,0.4045,0.0242,41286,812
14,1,1,"Cincinnati, Ohio","45,243","45243",TRUE,56580,151371,5877,0.4988,0.0347,16278,509
15,1,1,"Miami","33,183","33183",TRUE,36782,61806,6551,0.4588,0.0288,34662,1839
16,1,1,"Milan - Italy","26,900","26900",FALSE,,,,,,,
17,1,1,"Georgia, USA","30,677","30677",TRUE,38548,93246,14991,0.4686,0.0492,20229,1079
18,1,1,"New York","10,028","10028",TRUE,52010,149789,11622,0.5392,0.0259,47793,3568
19,1,1,"california","2,467","02467",TRUE,,157054,19427,0.5113,0.0254,23328,1449
20,1,1,"Washington DC","3,031","03031",TRUE,,142083,12848,0.4122,0.0434,11744,75
21,0,2,"New Jersey","7,661","07661",TRUE,,142214,21544,0.4171,0.045,12024,31
22,0,2,"Ann Arbor, MI","48,104","48104",TRUE,28418,58082,6920,0.5802,0.0182,44269,1616
23,0,2,"Hong Kong","0",,FALSE,,,,,,,
24,0,2,"new york","11,561","11561",TRUE,43185,119731,7689,0.415,0.0171,39140,627
25,0,2,"Iowa","52,803","52803",TRUE,23152,56157,3182,0.4949,0.0443,21877,1153
26,0,2,"California","94,596","94596",TRUE,43664,125731,9182,0.4384,0.022,23046,1429
27,0,2,"Westchester, NY","10,523","10523",TRUE,48441,110420,7575,0.407,0.0358,9717,609
28,0,2,"","",,FALSE,,,,,,,
29,0,2,"Washington, DC","22,151","22151",TRUE,61152,138587,15927,0.3446,0.0267,17343,1456
30,0,2,"Boston","1,867","01867",TRUE,,145471,8649,0.402,0.0249,25511,47
31,0,2,"Washington, DC","13,413","13413",TRUE,36485,84262,7634,0.4841,0.0452,16169,736
32,0,2,"new jersey","8,820","08820",TRUE,,146149,11448,0.4029,0.019,40083,1155
33,0,2,"Michigan","48,124","48124",TRUE,41507,75504,4308,0.4165,0.0226,33054,1614
34,0,2,"SIngapore","807,931",,FALSE,,,,,,,
35,0,2,"Brazil","29,055","29055",TRUE,17134,39511,7714,0.4781,0.0482,3786,533
36,0,2,"Brandeis University","8,691","08691",TRUE,,126733,22603,0.412,0.0267,16730,705
37,0,2,"Cincinnati, OH","45,213","45213",TRUE,30038,63071,8617,0.4443,0.0371,11795,975
38,0,2,"New York","10,025","10025",TRUE,33772,103440,6815,0.5921,0.019,96918,4346
39,0,2,"Los Angeles","90,026","90026",TRUE,24997,70436,5492,0.4919,0.0254,65921,2280
40,1,2,"SF Bay Area, CA","94,043","94043",TRUE,42096,159898,9106,0.4445,0.0155,33052,1325
41,1,2,"China","10,027","10027",TRUE,,58435,5213,0.5847,0.0193,65840,2871
42,1,2,"San Francisco(home)/Los Angeles(undergrad)","94,133","94133",TRUE,28891,71063,8156,0.6126,0.0323,26090,1535
43,1,2,"Spain","6,700","06700",FALSE,,,,,,,
44,1,2,"Israel","22,442","22442",FALSE,,,,,,,
45,1,2,"Switzerland","10,012","10012",TRUE,,117581,10760,0.5654,0.0309,22269,1508
46,1,2,"Italy","21,020","21020",FALSE,,,,,,,
47,1,2,"Italy","100","00100",FALSE,,,,,,,
48,1,2,"Israel","62,996","62996",TRUE,,44792,18652,0.6104,0.1147,503,159
49,1,2,"Philadelphia","19,422","19422",TRUE,62635,133722,13885,0.4761,0.0261,19928,339
50,1,2,"Houston","77,026","77026",TRUE,12063,31744,4110,0.4787,0.0307,21412,1922
51,1,2,"Philadelphia","19,151","19151",TRUE,29809,49337,6649,0.4604,0.0283,31815,2167
52,1,2,"Brooklyn","11,204","11204",TRUE,26482,58850,4665,0.4517,0.0138,82140,2957
53,1,2,"Boston","8,071","08071",TRUE,,84643,3999,0.35,0.0275,9363,242
54,1,2,"New York","13,827","13827",TRUE,30147,63392,3548,0.4723,0.0557,11462,655
55,1,2,"California","91,730","91730",TRUE,39919,76750,2838,0.4114,0.0196,69787,2232
56,0,3,"Florida","33,496","33496",TRUE,41466,97855,12194,0.5865,0.0376,23144,1511
57,0,3,"New Jersey","7,045","07045",TRUE,,149659,18602,0.4428,0.0293,10133,786
58,0,3,"","",,FALSE,,,,,,,
59,0,3,"","",,FALSE,,,,,,,
60,0,3,"New Jersey","7,747","07747",TRUE,,115272,4811,0.4069,0.0199,32462,1296
61,0,3,"Tuscaloosa, Alabama","35,404","35404",TRUE,23988,42387,2779,0.5003,0.0408,23644,1763
62,0,3,"Albuquerque, NM","87,004","87004",TRUE,28989,54483,5664,0.4285,0.0281,11778,493
63,0,3,"Palo Alto, California","94,306","94306",TRUE,50948,185588,17536,0.4745,0.0216,28394,1304
64,0,3,"New York","11,375","11375",TRUE,38022,96321,5116,0.4808,0.0339,76091,2808
65,0,3,"Boston, MA","4,605","04605",TRUE,,61641,3758,0.4269,0.0212,14201,405
66,1,3,"Mexico","11,000","11000",FALSE,,,,,,,
67,1,3,"Torrance, CA","90,503","90503",TRUE,47559,105142,6638,0.4249,0.0157,44744,1852
68,1,3,"St. Louis, MO","63,034","63034",TRUE,53539,100192,4651,0.3433,0.0358,18927,1698
69,1,3,"London, UK","0",,FALSE,,,,,,,
70,1,3,"Boston, MA","53,705","53705",TRUE,32159,74034,4429,0.502,0.0181,24786,1216
71,1,3,"Minnesota","55,345","55345",TRUE,53940,120204,9804,0.4305,0.0172,21528,894
72,1,3,"Boston, MA","2,021","02021",TRUE,,118814,9344,0.4373,0.0226,24122,32
73,1,3,"Chicago","6,883","06883",TRUE,,204792,25372,0.4782,0.029,10339,59
74,1,3,"Spain","30,100","30100",FALSE,,,,,,,
75,1,3,"Philadelphia","33,511","33511",TRUE,40753,63863,2834,0.425,0.0206,59118,2743
76,0,4,"Ohio","44,118","44118",TRUE,38207,67909,4216,0.512,0.0157,40881,1414
77,0,4,"Minnesota","55,446","55446",TRUE,46166,151194,11706,0.3925,0.0227,27079,1522
78,0,4,"Ohio","43,229","43229",TRUE,30973,48601,3815,0.4081,0.0222,55435,2770
79,0,4,"India/Venezuela","8,003","08003",TRUE,,138472,7844,0.4229,0.0178,31082,1212
80,0,4,"China","411,101",,FALSE,,,,,,,
81,0,4,"Texas","76,116","76116",TRUE,28317,50459,5669,0.518,0.0275,49319,2657
82,0,4,"Washington State","98,579","98579",TRUE,26645,83718,7126,0.364,0.0411,13440,1219
83,0,4,"Panama","10,019","10019",TRUE,,105538,13099,0.5905,0.0227,43989,2525
84,0,4,"spain","28,035","28035",FALSE,,,,,,,
85,0,4,"Arizona","85,201","85201",TRUE,25589,49844,2918,0.4384,0.0291,53402,2680
86,0,4,"Minneapolis, MN","55,424","55424",TRUE,55223,206038,28837,0.472,0.029,10712,840
87,0,4,"NJ","7,746","07746",TRUE,,172765,15444,0.4285,0.0291,18437,1078
88,0,4,"NY","10,514","10514",TRUE,109031,246991,31550,0.4355,0.0304,13267,1065
89,0,4,"Israel","62,150","62150",FALSE,,,,,,,
90,0,4,"P. R. China","300,151",,FALSE,,,,,,,
91,0,4,"California","48,895","48895",TRUE,40409,100563,11438,0.4323,0.042,11470,451
92,0,4,"San Francisco","94,108","94108",TRUE,21597,65392,9547,0.567,0.036,11963,899
93,0,4,"England","0",,FALSE,,,,,,,
94,1,4,"Bangladesh","0",,FALSE,,,,,,,
95,1,4,"Long Island","11,753","11753",TRUE,76624,162043,16610,0.4798,0.0376,13361,1228
96,1,4,"Argentina","10,027","10027",TRUE,,58435,5213,0.5847,0.0193,65840,2871
97,1,4,"Brooklyn, NY","11,215","11215",TRUE,35968,156930,8212,0.4769,0.0168,73419,2838
98,1,4,"Cincinnati, Ohio","45,242","45242",TRUE,51725,106629,4809,0.4873,0.029,21992,1199
99,1,4,"New York","10,022","10022",TRUE,55419,156255,13538,0.5621,0.0245,33303,2920
100,1,4,"Israel","92,425","92425",FALSE,,,,,,,
101,1,4,"India","110,015",,FALSE,,,,,,,
102,1,4,"Canada","0",,FALSE,,,,,,,
103,1,4,"Chicago","60,089","60089",TRUE,55550,121246,4396,0.4229,0.02,42993,88
104,1,4,"Colorado","80,110","80110",TRUE,26682,73834,6823,0.4259,0.0321,23787,1013
105,1,4,"Texas","78,759","78759",TRUE,41547,90246,6431,0.4335,0.0148,44978,2188
106,1,4,"Texas","76,513","76513",TRUE,23361,71858,5934,0.4961,0.0274,42610,1517
107,1,4,"Ann Arbor, MI","48,331","48331",TRUE,74893,111471,9981,0.41,0.023,22000,1180
108,1,4,"Spain","0",,FALSE,,,,,,,
109,1,4,"Hong Kong","19,454","19454",TRUE,,101117,3247,0.4527,0.0237,27959,962
110,1,4,"Ann Arbor","48,334","48334",TRUE,52804,85992,7542,0.429,0.0244,19371,1172
111,1,4,"Philippines","1,114","01114",FALSE,,,,,,,
112,0,5,"New Jersey","7,605","07605",TRUE,,102381,12756,0.4919,0.036,9283,24
113,0,5,"Milwaukee, Wisconsin","53,217","53217",TRUE,53923,114286,4732,0.4992,0.0332,30098,771
114,0,5,"New York","",,FALSE,,,,,,,
115,0,5,"brooklyn ny","11,214","11214",TRUE,27094,58487,3055,0.4777,0.017,95361,3325
116,0,5,"France","38,330","38330",TRUE,,40345,13991,0.4722,0.0535,4064,498
117,0,5,"Long Island, NY","11,021","11021",TRUE,57213,105606,9799,0.5401,0.028,19265,847
119,0,5,"Puerto Rico","901","00901",TRUE,,27426,8612,0.6779,0.0365,8098,815
120,0,5,"Long Island, NY","11,778","11778",TRUE,42390,105764,11346,0.3747,0.0363,12092,1226
121,0,5,"Memphis, TN","38,119","38119",TRUE,43636,83083,10337,0.4415,0.0295,24027,1668
122,1,5,"Long Island","11,793","11793",TRUE,57887,156750,11382,0.3774,0.0237,31350,1567
123,1,5,"Louisiana","70,605","70605",TRUE,30768,81404,9096,0.4453,0.0245,40835,2239
124,1,5,"Maryland","20,815","20815",TRUE,66699,175053,16024,0.5276,0.0151,31235,1647
125,1,5,"Staten Island","10,306","10306",TRUE,45360,88687,4533,0.435,0.0195,55805,2691
126,1,5,"New York, NY","10,021","10021",TRUE,55080,136060,15170,0.5591,0.0215,42484,3281
127,1,5,"Massachusetts","1,720","01720",TRUE,,138220,8920,0.4516,0.0246,23107,347
128,1,5,"Connecticut","6,880","06880",TRUE,,236892,26896,0.4998,0.0243,27242,61
129,1,5,"New Jersey","7,936","07936",TRUE,,129329,14228,0.3766,0.0393,11128,31
130,1,5,"India, Holland","",,FALSE,,,,,,,
131,1,5,"New York","10,002","10002",TRUE,17378,37093,3148,0.5922,0.0185,76807,3172
132,0,6,"Los Angeles","96,822","96822",TRUE,40375,83946,3902,0.4632,0.0177,48037,1730
133,0,6,"china","519,000",,FALSE,,,,,,,
134,0,6,"Pougkeepsie NY","12,590","12590",TRUE,48929,96726,7494,0.3957,0.0175,36849,963
135,0,6,"sofia, bg","",,FALSE,,,,,,,
136,0,6,"","",,FALSE,,,,,,,
137,1,6,"New York","11,020","11020",TRUE,78193,168319,25892,0.436,0.0455,6097,898
138,1,6,"Greenwich, CT","10,803","10803",TRUE,63351,184821,19913,0.4957,0.0292,12953,43
139,1,6,"Taiwan","10,025","10025",TRUE,,103440,6815,0.5921,0.019,96918,4346
140,1,6,"Europe","10,025","10025",TRUE,,103440,6815,0.5921,0.019,96918,4346
141,1,6,"Colombia","",,FALSE,,,,,,,
142,0,7,"california","92,075","92075",TRUE,50745,111500,8848,0.4761,0.0291,12234,288
143,0,7,"Albania","10,027","10027",TRUE,,58435,5213,0.5847,0.0193,65840,2871
144,0,7,"PA","16,510","16510",TRUE,29279,59060,3232,0.421,0.0218,25483,1229
145,0,7,"Minnesota","55,379","55379",TRUE,38774,95602,4732,0.4071,0.0208,47662,427
146,0,7,"New York","19,087","19087",TRUE,58802,151113,14697,0.4624,0.0217,33717,1291
147,0,7,"New York","10,014","10014",TRUE,41831,136559,13983,0.5408,0.0234,29815,1715
148,0,7,"Cherry Hill, NJ","8,034","08034",TRUE,,100173,6638,0.4133,0.0248,19522,935
149,0,7,"Minneapolis","55,331","55331",TRUE,52186,144697,10148,0.4805,0.0268,19317,784
150,0,7,"NYC","10,021","10021",TRUE,55080,136060,15170,0.5591,0.0215,42484,3281
151,0,7,"ottawa, canada","",,FALSE,,,,,,,
152,0,7,"China","0",,FALSE,,,,,,,
153,0,7,"China","136,300",,FALSE,,,,,,,
154,0,7,"NYC","22,066","22066",TRUE,97857,247730,17499,0.4466,0.0288,16791,1073
155,0,7,"Philadelphia, PA","19,041","19041",TRUE,74624,144205,37815,0.5307,0.0384,6535,506
156,0,7,"Atlanta, GA","27,870","27870",TRUE,21590,39937,3909,0.4754,0.0265,25166,886
157,0,7,"Cleveland","44,147","44147",TRUE,38832,91181,5709,0.4256,0.0267,19820,26
158,1,7,"NYC (Staten Island)","10,301","10301",TRUE,37248,78053,5038,0.5054,0.0213,38736,2147
159,1,7,"Greece","",,FALSE,,,,,,,
160,1,7,"North Carolina","28,387","28387",TRUE,28240,65558,4436,0.496,0.0331,15158,791
161,1,7,"State College, PA","15,668","15668",TRUE,53771,109673,10231,0.4255,0.0382,14066,727
162,1,7,"Canada","",,FALSE,,,,,,,
163,1,7,"Minnesota","55,391","55391",TRUE,56096,131068,13033,0.5618,0.0276,15621,800
164,1,7,"Los Angeles","90,291","90291",TRUE,31560,105871,8771,0.5513,0.0285,25685,1210
165,1,7,"Detroit","48,070","48070",TRUE,52467,157665,11732,0.3852,0.034,6382,20
166,1,7,"Washington DC Metro Region","20,817","20817",TRUE,80006,217674,11750,0.483,0.022,38286,1573
167,1,7,"colorado","80,005","80005",TRUE,47572,122225,4806,0.3639,0.0198,28909,1144
168,1,7,"Berkeley, CA","90,031","90031",TRUE,22439,53319,4959,0.5011,0.0297,38533,1688
169,1,7,"Buffalo, NY","14,227","14227",TRUE,31383,61510,3747,0.3856,0.0182,20990,1032
170,1,7,"India","",,FALSE,,,,,,,
171,1,7,"France","75,015","75015",FALSE,,,,,,,
172,1,7,"London, England","",,FALSE,,,,,,,
173,1,7,"NJ","8,536","08536",TRUE,,115685,11357,0.4231,0.0319,20523,538
174,0,8,"Pennsylvania","19,087","19087",TRUE,58802,151113,14697,0.4624,0.0217,33717,1291
175,0,8,"Ohio","43,220","43220",TRUE,40749,71854,7325,0.5116,0.0206,29294,1459
176,0,8,"California","92,602","92602",TRUE,,123455,23815,0.4537,0.0392,27425,2487
177,0,8,"San Diego, CA","92,120","92120",TRUE,47997,103596,7889,0.443,0.0291,29172,1581
178,0,8,"New York","",,FALSE,,,,,,,
179,0,8,"California","91,011","91011",TRUE,78704,187297,17423,0.4676,0.0241,20621,51
180,0,8,"taiwan","8,820","08820",TRUE,,146149,11448,0.4029,0.019,40083,1155
181,0,8,"Brooklyn, NY","11,217","11217",TRUE,31143,133269,12241,0.5363,0.0189,42107,2046
182,0,8,"New Jersey","8,904","08904",TRUE,,85652,9597,0.4474,0.0238,14947,26
183,0,8,"Uzbekistan","703,007",,FALSE,,,,,,,
184,1,8,"Nebraska","68,005","68005",TRUE,32129,56924,3364,0.4318,0.0229,22266,1029
185,1,8,"Queens","8,854","08854",TRUE,,112980,5892,0.3799,0.0156,60467,91
186,1,8,"Kansas","66,610","66610",TRUE,44195,106691,8539,0.4267,0.0405,10886,806
187,1,8,"nyc","",,FALSE,,,,,,,
188,1,8,"Atlanta","30,092","30092",TRUE,46837,66062,2145,0.4968,0.0234,36526,1028
189,1,8,"Uruguay","11,500","11500",FALSE,,,,,,,
190,1,8,"Azerbaijan","370,138",,FALSE,,,,,,,
191,1,8,"Connecticut","6,878","06878",TRUE,,250001,,0.4653,0.0292,8387,666
192,1,8,"Los Angeles, CA","90,210","90210",TRUE,97972,154740,22287,0.6142,0.0226,19627,1220
193,1,8,"new york city","11,419","11419",TRUE,35960,84245,4981,0.4072,0.0221,50107,2236
194,0,9,"New York","11,803","11803",TRUE,65708,166829,7835,0.4331,0.0316,30067,1541
195,0,9,"Rochester, NY","14,526","14526",TRUE,49466,92273,14011,0.4071,0.0267,19931,1332
196,0,9,"Taipei, Taiwan","",,FALSE,,,,,,,
197,0,9,"Berkeley","92,064","92064",TRUE,53229,119838,9545,0.4377,0.0155,49005,89
198,0,9,"China","10,025","10025",TRUE,,103440,6815,0.5921,0.019,96918,4346
199,0,9,"New York","10,012","10012",TRUE,32649,117581,10760,0.5654,0.0309,22269,1508
200,0,9,"Northern California","95,404","95404",TRUE,35867,88574,4940,0.4796,0.0296,38028,1992
201,0,9,"New York","7,726","07726",TRUE,,135953,11714,0.441,0.0373,44954,651
202,0,9,"Silver Spring, MD","20,903","20903",TRUE,40244,74607,8288,0.4062,0.022,26728,2389
203,0,9,"Vestal","13,850","13850",TRUE,42640,70760,9014,0.5402,0.0478,22847,843
204,0,9,"Texas & Boston","77,095","77095",TRUE,52388,87960,5771,0.3701,0.0161,71138,3453
205,0,9,"England","0",,FALSE,,,,,,,
206,0,9,"Cameroon","",,FALSE,,,,,,,
207,0,9,"New Jersey","7,719","07719",TRUE,,105707,12256,0.4374,0.0199,21857,893
208,0,9,"PA","18,929","18929",TRUE,62875,154826,10092,0.3574,0.0391,9718,661
209,0,9,"New York","12,601","12601",TRUE,30855,53105,3319,0.5412,0.0718,42737,1365
210,0,9,"Atlanta","30,345","30345",TRUE,46800,96238,13405,0.4401,0.0212,24823,1494
211,0,9,"Bulgaria","0",,FALSE,,,,,,,
212,0,9,"New York City","11,364","11364",TRUE,45695,90970,7957,0.4151,0.0203,39015,2346
213,0,9,"New York Area/ New Jersey","7,410","07410",TRUE,,133209,10820,0.4113,0.0246,34820,28
214,1,9,"Philadelphia","19,046","19046",TRUE,46792,105846,8853,0.5049,0.0332,18716,1193
215,1,9,"Baltimore","21,093","21093",TRUE,53501,111016,6726,0.4648,0.0209,39817,1832
216,1,9,"San Francisco","10,021","10021",TRUE,55080,136060,15170,0.5591,0.0215,42484,3281
217,1,9,"Houston","77,024","77024",TRUE,64716,122979,15581,0.5717,0.0176,37694,1629
218,1,9,"Russia/Germany","80,798","80798",FALSE,,,,,,,
219,1,9,"Spain","8,025","08025",FALSE,,,,,,,
220,1,9,"DC","",,FALSE,,,,,,,
221,1,9,"India","100,063",,FALSE,,,,,,,
222,1,9,"Germany","",,FALSE,,,,,,,
223,1,9,"Wash DC (4 yrs)","29,501","29501",TRUE,27248,60215,5412,0.4871,0.0234,47145,1784
224,1,9,"Sweden","11,531","11531",FALSE,,,,,,,
225,1,9,"Colombia","",,FALSE,,,,,,,
226,1,9,"Pittsburgh","15,211","15211",TRUE,22805,66705,3931,0.468,0.0363,10512,747
227,1,9,"New York","11,596","11596",TRUE,56118,137917,13639,0.4483,0.0366,10431,353
228,1,9,"Germany","",,FALSE,,,,,,,
229,1,9,"New York","11,354","11354",TRUE,30146,52273,5450,0.4975,0.0257,53375,2790
230,1,9,"Detroit, Michigan, USA","48,127","48127",TRUE,39123,57164,3733,0.4677,0.0229,40424,1256
231,1,9,"Los Angeles, CA","92,024","92024",TRUE,46153,133304,6853,0.4906,0.0201,50840,1708
232,1,9,"Washington, DC","10,471","10471",TRUE,45300,96368,11817,0.5025,0.0286,23387,1699
233,1,9,"J.P. Morgan","10,017","10017",TRUE,42397,136112,8861,0.5014,0.0382,15514,1425
234,0,10,"Virginia","23,060","23060",TRUE,44346,94737,7138,0.38,0.0174,35844,2197
235,0,10,"Boston, MA","1,890","01890",TRUE,,184844,15562,0.4746,0.0212,22875,34
236,0,10,"Indiana","46,815","46815",TRUE,42225,62280,5096,0.4047,0.0267,27883,1423
237,0,10,"lOS aNGELES","91,206","91206",TRUE,37405,82664,7481,0.5023,0.029,32570,2010
238,0,10,"Wisconsin","54,449","54449",TRUE,28524,59727,4016,0.4783,0.0245,25954,470
239,0,10,"Born in Montana, raised in South Jersey (nr. Philadelphia)","8,028","08028",TRUE,,72701,6853,0.4375,0.0264,21809,673
240,0,10,"New York","10,598","10598",TRUE,61141,140337,6758,0.4059,0.0204,29195,1083
241,0,10,"New York","10,454","10454",TRUE,8607,21846,2122,0.5499,0.0258,38908,2195
242,0,10,"uruguay","12,000","12000",FALSE,,,,,,,
243,1,10,"Portland, Oregon","",,FALSE,,,,,,,
244,1,10,"Seattle","",,FALSE,,,,,,,
245,1,10,"Lexington, MA","2,173","02173",FALSE,,,,,,,
246,1,10,"brooklyn, ny","11,234","11234",TRUE,41476,86185,2465,0.4668,0.0198,94254,2631
247,1,10,"Shanghai, China","200,065",,FALSE,,,,,,,
248,1,10,"San Francisco","92,037","92037",TRUE,49841,125636,6770,0.5318,0.0139,37505,1627
249,1,10,"Chile","",,FALSE,,,,,,,
250,1,10,"Toronto, London, India","",,FALSE,,,,,,,
251,1,10,"Israel","",,FALSE,,,,,,,
252,0,11,"Mexico","11,910","11910",FALSE,,,,,,,
253,0,11,"Japan","7,024","07024",TRUE,,92456,5536,0.478,0.0251,39701,31
254,0,11,"Boulder, Colorado","80,304","80304",TRUE,37240,98985,9861,0.5399,0.0436,25332,1012
255,0,11,"Maryland","21,701","21701",TRUE,36594,90531,2423,0.3927,0.0136,40203,1574
256,0,11,"Northern Virginia","22,015","22015",TRUE,62997,145916,3782,0.3638,0.0154,45325,1485
257,0,11,"I am from NYC","10,023","10023",TRUE,46608,136109,11196,0.5669,0.0181,65891,3204
258,0,11,"Seattle","98,115","98115",TRUE,37881,128443,7967,0.4559,0.0154,53729,1544
259,0,11,"Texas","77,546","77546",TRUE,48944,111537,8386,0.4206,0.021,54405,1208
260,0,11,"Malaysia, then Massachusetts","50,450","50450",TRUE,,68407,4293,0.3611,0.0302,2968,276
261,0,11,"Katonah, NY (more recently, Boston)","10,536","10536",TRUE,77112,198919,28382,0.4393,0.0336,11124,937
262,0,11,"Warsaw, Poland","",,FALSE,,,,,,,
263,0,11,"Brooklyn, NY","11,212","11212",TRUE,18283,30733,2339,0.534,0.0179,78296,3821
264,0,11,"Washington, D.C.","20,011","20011",TRUE,31432,86614,6152,0.47,0.0151,67386,2686
265,0,11,"New York","10,538","10538",TRUE,73073,203932,39242,0.5314,0.0347,17424,590
266,0,11,"new york city","",,FALSE,,,,,,,
267,0,11,"Taiwan","",,FALSE,,,,,,,
268,0,11,"Texas","76,710","76710",TRUE,26706,45137,4073,0.4854,0.0328,23385,1749
269,0,11,"New Jersey","8,904","08904",TRUE,,85652,9597,0.4474,0.0238,14947,26
270,0,11,"Toronto","",,FALSE,,,,,,,
271,0,11,"New York","10,543","10543",TRUE,50060,119900,12739,0.5057,0.0338,21563,620
272,0,11,"New York","11,235","11235",TRUE,25401,58669,3780,0.5064,0.0118,84859,2518
273,1,11,"czech republic","",,FALSE,,,,,,,
274,1,11,"Mexico","",,FALSE,,,,,,,
275,1,11,"Siberia","630,090",,FALSE,,,,,,,
276,1,11,"New Hope, PA","18,977","18977",TRUE,80608,194477,26985,0.4078,0.0637,4595,509
277,1,11,"Connecticut","6,098","06098",TRUE,,65475,8840,0.4261,0.0432,10316,51
278,1,11,"boston, ma","0",,FALSE,,,,,,,
279,1,11,"Las Vegas, Nevada","89,014","89014",TRUE,43844,65719,3587,0.4089,0.03,41429,2660
280,1,11,"Budapest","7,620","07620",TRUE,,196875,57972,0.5252,0.0564,1336,218
281,1,11,"Russia","430,000",,FALSE,,,,,,,
282,1,11,"UNCC","",,FALSE,,,,,,,
283,1,11,"Boston","1,851","01851",TRUE,,72133,4494,0.4427,0.0284,32469,1606
284,1,11,"Iceland","0",,FALSE,,,,,,,
285,1,11,"International Student","10,025","10025",TRUE,,103440,6815,0.5921,0.019,96918,4346
286,1,11,"Russia","125,438",,FALSE,,,,,,,
287,1,11,"Nepal","6,320","06320",TRUE,,50819,6096,0.4505,0.027,27585,113
288,1,11,"Washington, DC","21,044","21044",TRUE,53196,110785,7240,0.4249,0.0261,44662,1969
289,1,11,"California","92,064","92064",TRUE,53229,119838,9545,0.4377,0.0155,49005,89
290,1,11,"Israel","",,FALSE,,,,,,,
291,1,11,"New Jersey","7,936","07936",TRUE,,129329,14228,0.3766,0.0393,11128,31
292,1,11,"New York City","10,009","10009",TRUE,25786,77551,8516,0.5649,0.0252,60000,3242
293,1,11,"Northern New Jersey","7,512","07512",TRUE,,103419,11451,0.4081,0.0415,11013,23
294,0,12,"New York City","7,304","07304",TRUE,,60787,3594,0.5027,0.0254,50444,2388
295,0,12,"Arizona","85,283","85283",TRUE,39394,65808,4219,0.4422,0.0249,46375,1677
296,0,12,"New York","11,365","11365",TRUE,40695,73279,7631,0.4332,0.0219,45439,3067
297,0,12,"Texas","77,401","77401",TRUE,45788,210577,30442,0.4825,0.0286,17362,124
298,0,12,"Buffalo, NY","14,075","14075",TRUE,37315,69876,4938,0.4228,0.0182,44452,1252
299,0,12,"Maryland","21,015","21015",TRUE,51663,129913,9152,0.3847,0.0207,30781,1756
300,0,12,"Buffalo, NY","14,043","14043",TRUE,32563,65289,4431,0.3864,0.0213,25644,1201
301,0,12,"Washington, DC","8,540","08540",TRUE,,163074,16400,0.5089,0.0263,48700,1810
302,0,12,"Long Island","11,754","11754",TRUE,54303,109208,11344,0.4238,0.0276,17884,858
303,0,12,"Brooklyn, NY","27,701","27701",TRUE,16908,51240,2860,0.5265,0.0244,23876,1941
304,0,12,"NYC-6 yrs. Grew up in Nebraska","68,124","68124",TRUE,39729,83900,8691,0.5112,0.0299,15352,857
305,0,12,"philippines","",,FALSE,,,,,,,
306,0,12,"Taiwan","",,FALSE,,,,,,,
307,0,12,"Virginia","22,003","22003",TRUE,57316,119489,8742,0.4204,0.0158,58952,2036
308,1,12,"Cambridge, Massachusetts","11,137","11137",FALSE,,,,,,,
309,1,12,"NYC","10,463","10463",TRUE,30587,63048,4556,0.5132,0.0155,73256,3166
310,1,12,"NJ","10,021","10021",TRUE,55080,136060,15170,0.5591,0.0215,42484,3281
311,1,12,"New York","11,746","11746",TRUE,57513,129432,8205,0.4518,0.0185,67873,2248
312,1,12,"NYC","10,025","10025",TRUE,33772,103440,6815,0.5921,0.019,96918,4346
313,1,12,"Boston","1,173","01173",FALSE,,,,,,,
314,1,12,"New Delhi, India","0",,FALSE,,,,,,,
315,1,12,"way too little space here. world citizen.","",,FALSE,,,,,,,
316,1,12,"Philadelphia","10,019","10019",TRUE,31857,105538,13099,0.5905,0.0227,43989,2525
317,1,12,"Italy","80,131","80131",TRUE,,78125,26926,0.3896,0.1689,265,111
318,1,12,"Ottawa, Canada","",,FALSE,,,,,,,
319,1,12,"New Jersey","7,624","07624",TRUE,,166125,26706,0.4608,0.0477,8573,42
320,1,12,"Pennsylvania","18,603","18603",TRUE,23207,53900,4242,0.4162,0.0274,19524,476
321,1,12,"France  / New York","0",,FALSE,,,,,,,
322,0,13,"Tokyo and Texas","",,FALSE,,,,,,,
323,0,13,"Taiwan","",,FALSE,,,,,,,
324,0,13,"Erie, PA","",,FALSE,,,,,,,
325,0,13,"New York","",,FALSE,,,,,,,
326,0,13,"Westchester, new York","",,FALSE,,,,,,,
327,0,13,"USA/American","",,FALSE,,,,,,,
328,0,13,"NYC","",,FALSE,,,,,,,
329,0,13,"Great Neck, NY","",,FALSE,,,,,,,
330,0,13,"California (West Coast)","",,FALSE,,,,,,,
331,0,13,"New Jersey","",,FALSE,,,,,,,
332,1,13,"japan","",,FALSE,,,,,,,
333,1,13,"Portland, OR","",,FALSE,,,,,,,
334,1,13,"New York/South Korea/Japan","",,FALSE,,,,,,,
335,1,13,"Michigan","",,FALSE,,,,,,,
336,1,13,"Miami","",,FALSE,,,,,,,
337,1,13,"Dallas, Texas","",,FALSE,,,,,,,
338,1,13,"Bombay, India","",,FALSE,,,,,,,
339,1,13,"","",,FALSE,,,,,,,
340,1,13,"","",,FALSE,,,,,,,
341,0,14,"New Jersey","8,816","08816",TRUE,,127717,6388,0.4164,0.0182,48950,719
342,0,14,"Palo Alto, CA","",,FALSE,,,,,,,
343,0,14,"New York","10,001","10001",TRUE,25831,101409,11816,0.5524,0.0296,26966,1911
344,0,14,"New Mexico","87,110","87110",TRUE,28759,56247,3338,0.4668,0.0174,40307,1978
345,0,14,"Brooklyn","11,235","11235",TRUE,25401,58669,3780,0.5064,0.0118,84859,2518
346,0,14,"","",,FALSE,,,,,,,
347,0,14,"WASHINGTON, D.C.","20,001","20001",TRUE,19264,126290,9431,0.4636,0.0161,45551,2094
348,0,14,"CALIFORNIA","92,683","92683",TRUE,41778,71108,4574,0.4967,0.016,91267,90
349,0,14,"New York","66,614","66614",TRUE,35963,64853,3114,0.4,0.0175,33332,1416
350,0,14,"New Jersey","7,760","07760",TRUE,,184336,24630,0.5388,0.0304,9451,387
351,0,14,"Taiwan","90,504","90504",TRUE,,97289,7503,0.4293,0.027,33022,1789
352,0,14,"Taiwan","2,115","02115",TRUE,,47486,5727,0.6285,0.0251,28559,1762
353,0,14,"Taiwan","11,373","11373",TRUE,,62072,2983,0.4252,0.0175,102104,3656
354,0,14,"Manhattan","10,128","10128",TRUE,49409,127919,10591,0.5594,0.0201,58147,3168
355,0,14,"NJ","8,225","08225",TRUE,,88232,16323,0.4675,0.0641,8419,24
356,0,14,"Pennsylvania","18,103","18103",TRUE,31516,66400,4639,0.4577,0.027,49023,1826
357,0,14,"atlanta, ga","30,071","30071",TRUE,36223,54835,9722,0.4854,0.0443,25602,1863
358,0,14,"California and New York","95,008","95008",TRUE,43367,128476,7106,0.4657,0.0165,48786,841
359,0,14,"California","11,104","11104",TRUE,27503,81142,4778,0.4065,0.019,27575,1392
360,0,14,"New Delhi, India","110,060",,FALSE,,,,,,,
361,1,14,"Bronx Science","10,469","10469",TRUE,35187,70415,3997,0.4631,0.0181,75290,3123
362,1,14,"Spain","",,FALSE,,,,,,,
363,1,14,"nashville, TN","37,204","37204",TRUE,26298,97727,9675,0.5164,0.0453,17047,1166
364,1,14,"Miami","34,105","34105",TRUE,,90260,16631,0.5563,0.0322,16530,1101
365,1,14,"France","94,130","94130",TRUE,,83077,38983,0.4752,0.0566,3185,520
366,1,14,"Australia","3,186","03186",FALSE,,,,,,,
367,1,14,"Toronto, Canada","",,FALSE,,,,,,,
368,1,14,"UK/Turkey","",,FALSE,,,,,,,
369,1,14,"Boston, MA","46,818","46818",TRUE,31148,75089,5875,0.3695,0.0232,21532,1069
370,1,14,"New York","11,363","11363",TRUE,55704,98111,21953,0.4752,0.0396,7424,803
371,1,14,"Chicago","60,521","60521",TRUE,69487,216286,17967,0.5094,0.0177,18004,416
372,1,14,"Midwest USA","66,208","66208",TRUE,46138,100643,7212,0.5211,0.0203,21662,512
373,1,14,"Costa Rica","9,971,200",,FALSE,,,,,,,
374,1,14,"SOUTH KOREA","135,110",,FALSE,,,,,,,
375,1,14,"Yugoslavia","0",,FALSE,,,,,,,
376,1,14,"los angeles","48,098","48098",TRUE,66827,149337,10017,0.4098,0.0258,20242,1097
377,1,14,"new york","7,039","07039",TRUE,,176991,21343,0.4386,0.0239,31103,54
378,1,14,"Wisconsin","53,012","53012",TRUE,42897,89380,8917,0.4327,0.0291,18929,552
379,0,15,"NYC, San Francisco","95,695","95695",TRUE,31809,73131,5870,0.4513,0.0462,40479,1218
380,0,15,"Chicago","60,519","60519",TRUE,,,,0.242,0.1218,40,42
381,0,15,"California","92,833","92833",TRUE,,98176,8197,0.4616,0.0385,53188,1958
382,0,15,"New York City","10,028","10028",TRUE,52010,149789,11622,0.5392,0.0259,47793,3568
383,0,15,"Massachusetts","1,040","01040",TRUE,,45045,2869,0.4884,0.018,38480,32
384,0,15,"Connecticut","6,019","06019",TRUE,,100369,19495,0.4425,0.0293,9989,111
385,0,15,"Oregon","91,011","91011",TRUE,78704,187297,17423,0.4676,0.0241,20621,51
386,0,15,"New York","11,023","11023",TRUE,75347,131458,46634,0.5252,0.0493,10169,964
387,0,15,"New Jersey","7,069","07069",TRUE,,139583,24382,0.4285,0.0507,6696,171
388,0,15,"San Francisco, CA","94,960","94960",TRUE,47005,156169,19195,0.4955,0.0341,15871,534
389,0,15,"Florida and Virginia","33,414","33414",TRUE,52805,95941,2825,0.4152,0.0196,58505,1561
390,0,15,"Hong Kong","0",,FALSE,,,,,,,
391,0,15,"Maryland","20,852","20852",TRUE,50725,113482,6430,0.449,0.0213,48194,2342
392,0,15,"New York, NY","10,128","10128",TRUE,49409,127919,10591,0.5594,0.0201,58147,3168
393,0,15,"Long Island","11,733","11733",TRUE,65693,161801,18211,0.4662,0.0261,17177,1261
394,0,15,"San Francisco Bay Area","94,403","94403",TRUE,45736,151369,9126,0.4518,0.0198,44244,1299
395,0,15,"Los Angeles","16,803","16803",TRUE,33906,65241,5296,0.5081,0.0221,24057,1080
396,0,15,"Hawaii and Los Angeles","96,701","96701",TRUE,50501,101728,5362,0.3969,0.0147,41818,1962
397,1,15,"New Jersey","7,675","07675",TRUE,,155135,7493,0.4297,0.0262,27025,79
398,1,15,"Italy","9,012","09012",FALSE,,,,,,,
399,1,15,"Chicago","60,611","60611",TRUE,48785,117344,10316,0.5325,0.0189,34562,1543
400,1,15,"Italy","80,136","80136",TRUE,,103598,11430,0.3872,0.0942,5922,909
401,1,15,"Germany","10,025","10025",TRUE,,103440,6815,0.5921,0.019,96918,4346
402,1,15,"Korea","",,FALSE,,,,,,,
403,1,15,"Paris","78,100","78100",FALSE,,,,,,,
404,1,15,"France","78,230","78230",TRUE,,62854,5457,0.484,0.0194,42892,1869
405,1,15,"New York City","10,021","10021",TRUE,55080,136060,15170,0.5591,0.0215,42484,3281
406,1,15,"Minneapolis","400,051",,FALSE,,,,,,,
407,1,15,"New Jersey","7,901","07901",TRUE,,148945,15782,0.5374,0.0198,24218,339
408,1,15,"NYC","0",,FALSE,,,,,,,
409,1,15,"france","",,FALSE,,,,,,,
410,1,15,"Austin, TX","10,021","10021",TRUE,55080,136060,15170,0.5591,0.0215,42484,3281
411,1,15,"Washington DC","20,817","20817",TRUE,80006,217674,11750,0.483,0.022,38286,1573
412,1,15,"New Jersey","7,032","07032",TRUE,,76647,2974,0.3919,0.0147,41790,100
413,1,15,"Woburn, MA","1,801","01801",TRUE,,95184,4455,0.4386,0.0186,40967,31
414,1,15,"New Jersey","10,021","10021",TRUE,55080,136060,15170,0.5591,0.0215,42484,3281
415,1,15,"Atlanta, GA","30,066","30066",TRUE,52318,101080,6589,0.4252,0.0208,58846,3201
416,0,16,"Miami","33,156","33156",TRUE,62844,123991,14527,0.5781,0.0518,33111,1358
417,0,16,"Greece/Germany","",,FALSE,,,,,,,
418,0,16,"New York","11,040","11040",TRUE,52586,140368,10251,0.4052,0.0198,42634,1674
419,0,16,"Colorado","80,220","80220",TRUE,29236,86466,7376,0.5253,0.0165,37116,1799
420,0,16,"Indiana","47,920","47920",TRUE,31486,103182,12840,0.32,0.0431,2717,411
421,0,16,"California","91,011","91011",TRUE,78704,187297,17423,0.4676,0.0241,20621,51
422,1,16,"Florida","33,021","33021",TRUE,31632,62314,4560,0.4843,0.022,49788,1827
423,1,16,"Canada","",,FALSE,,,,,,,
424,1,16,"TN","0",,FALSE,,,,,,,
425,1,16,"New York, NY","20,854","20854",TRUE,106663,217477,9120,0.4373,0.0173,49684,2117
426,1,16,"New Jersey","7,410","07410",TRUE,,133209,10820,0.4113,0.0246,34820,28
427,1,16,"California","90,272","90272",TRUE,84043,212115,29361,0.546,0.0208,21282,1379
428,1,16,"New York","11,432","11432",TRUE,35224,66246,5741,0.4679,0.022,64858,2679
429,1,16,"Pittsburgh, PA","15,146","15146",TRUE,36381,74987,5605,0.3859,0.023,28650,87
430,0,17,"California","94,539","94539",TRUE,65498,200046,7716,0.3908,0.0182,53762,1717
431,0,17,"Southern California","92,843","92843",TRUE,,74940,6672,0.4181,0.0207,48413,2352
432,0,17,"Hastings-on-Hudson, NY","10,706","10706",TRUE,60000,171615,29298,0.4852,0.0301,9050,328
433,0,17,"Northern California","93,257","93257",TRUE,22669,48411,3482,0.4568,0.0159,78754,1739
434,0,17,"Maryland","20,816","20816",TRUE,81266,213828,12000,0.4805,0.025,17433,1106
435,0,17,"New Jersey","7,726","07726",TRUE,,135953,11714,0.441,0.0373,44954,651
436,0,17,"California","92,869","92869",TRUE,,126864,10611,0.4471,0.0372,36174,1815
437,0,17,"North Carolina","28,804","28804",TRUE,29746,72575,7367,0.4799,0.0278,24854,1218
438,0,17,"California","94,044","94044",TRUE,47556,138381,7130,0.4027,0.0156,38609,47
439,0,17,"Baltimore","21,209","21209",TRUE,42651,86730,4174,0.4935,0.041,30146,1716
440,1,17,"Milano, Italy","20,129","20129",TRUE,,250001,,0.3085,0.1399,615,333
441,1,17,"Boston","6,437","06437",TRUE,,115171,7471,0.4802,0.0268,22113,27
442,1,17,"poland","108","00108",FALSE,,,,,,,
443,1,17,"New York","17,403","17403",TRUE,27794,60840,5140,0.4879,0.0193,39842,1567
444,1,17,"Los Angeles, CA","10,016","10016",TRUE,41737,136431,12756,0.5089,0.022,56758,3370
445,1,17,"Burlington, Vermont","11,576","11576",TRUE,90225,207548,17060,0.4829,0.0304,12828,883
446,1,17,"Bogota, Colombia","0",,FALSE,,,,,,,
447,1,17,"India","110,003",,FALSE,,,,,,,
448,1,17,"New York City","10,021","10021",TRUE,55080,136060,15170,0.5591,0.0215,42484,3281
449,1,17,"New York","11,552","11552",TRUE,52280,133423,10941,0.3703,0.018,26207,1461
450,1,17,"Singapore","",,FALSE,,,,,,,
451,1,17,"Asia, Singapore","650,206",,FALSE,,,,,,,
452,1,17,"Singapore","10,027","10027",TRUE,,58435,5213,0.5847,0.0193,65840,2871
453,1,17,"Shanghai, China","210,009",,FALSE,,,,,,,
454,0,18,"California","94,941","94941",TRUE,56056,183882,16288,0.4878,0.0168,32711,997
455,0,18,"India","560,032",,FALSE,,,,,,,
456,0,18,"NJ","7,030","07030",TRUE,,160890,7950,0.4589,0.0175,59369,32
457,0,18,"Santa Barbara, California","93,108","93108",TRUE,60835,192303,26573,0.5196,0.0262,11097,790
458,0,18,"Hong Kong","0",,FALSE,,,,,,,
459,0,18,"New York City","20,853","20853",TRUE,62829,133141,7276,0.3971,0.0246,31670,2276
460,1,18,"Cincinnati, Ohio","45,213","45213",TRUE,30038,63071,8617,0.4443,0.0371,11795,975
461,1,18,"india","248,001",,FALSE,,,,,,,
462,1,18,"Cambridge, MA","",,FALSE,,,,,,,
463,1,18,"China","200,000",,FALSE,,,,,,,
464,1,18,"Singapore","597,627",,FALSE,,,,,,,
465,1,18,"new york","10,027","10027",TRUE,16767,58435,5213,0.5847,0.0193,65840,2871
466,0,19,"Texas/London","77,077","77077",TRUE,42967,64904,3132,0.4957,0.0184,63168,3378
467,0,19,"CT, FL, TN","10,006","10006",TRUE,21488,200536,24685,0.3596,0.0559,3894,704
468,0,19,"Detroit suburbs","48,302","48302",TRUE,89977,150556,16464,0.5081,0.024,17244,893
469,0,19,"Tokyo, Japan","2,155","02155",TRUE,,107937,5063,0.4384,0.0246,62996,430
470,0,19,"south carolina","29,571","29571",TRUE,18619,35183,6032,0.4864,0.059,14238,911
471,0,19,"California, New Jersey","8,091","08091",TRUE,,84564,13210,0.3732,0.0535,5823,24
472,0,19,"California","92,879","92879",TRUE,,76973,5295,0.4194,0.0175,48033,1978
473,0,19,"Belgium","10,086","10086",FALSE,,,,,,,
474,0,19,"alabama","36,701","36701",TRUE,22161,40226,5085,0.4461,0.0246,21247,1056
475,0,19,"San Francisco","63,131","63131",TRUE,82734,182000,29916,0.4962,0.0204,18407,797
476,0,19,"California","94,933","94933",TRUE,40163,120000,20464,0.3753,0.0957,1185,406
477,0,19,"Canada","",,FALSE,,,,,,,
478,0,19,"Washington DC","5,401","05401",TRUE,,54088,3766,0.5228,0.0213,32724,750
479,0,19,"colorado","80,123","80123",TRUE,46185,97163,4859,0.4336,0.0142,46816,1647
480,0,19,"New Jersey","7,076","07076",TRUE,,161348,12503,0.4302,0.0278,24737,83
481,1,19,"Westchester County, N.Y.","10,502","10502",TRUE,78844,226848,28953,0.3686,0.0389,5853,261
482,1,19,"Florida","32,780","32780",TRUE,29575,52066,4366,0.4366,0.0196,37301,1279
483,1,19,"Romania","",,FALSE,,,,,,,
484,1,19,"Los Angeles","90,036","90036",TRUE,34752,87868,6334,0.5098,0.025,37596,1695
485,1,19,"South Orange, New Jersey","7,050","07050",TRUE,,48504,5537,0.4844,0.0321,33505,435
486,1,19,"Colombia, South America","10,021","10021",TRUE,,136060,15170,0.5591,0.0215,42484,3281
487,1,19,"New Jersey","7,733","07733",TRUE,,156996,16298,0.4896,0.0387,17135,154
488,1,19,"India","10,027","10027",TRUE,,58435,5213,0.5847,0.0193,65840,2871
489,1,19,"Greece","10,025","10025",TRUE,,103440,6815,0.5921,0.019,96918,4346
490,1,19,"Northern New Jersey","7,410","07410",TRUE,,133209,10820,0.4113,0.0246,34820,28
491,1,19,"New Jersey","7,201","07201",TRUE,,52768,4605,0.4234,0.0255,28207,1458
492,1,19,"new york","46,205","46205",TRUE,22173,56563,4907,0.5153,0.0223,28000,1877
493,1,19,"Philippines","1,128","01128",TRUE,,79015,20951,0.4194,0.0611,3232,842
494,1,19,"Boston","12,302","12302",TRUE,37994,83692,5415,0.4014,0.0183,27701,467
495,1,19,"Miami","33,184","33184",TRUE,35409,65536,10626,0.4425,0.0326,21528,1807
496,0,20,"Indiana","47,906","47906",TRUE,23707,48542,5976,0.5487,0.0185,73068,437
497,0,20,"Boston, Ma","1,742","01742",TRUE,,168934,9125,0.471,0.0301,18393,79
498,0,20,"Baltimore","10,025","10025",TRUE,33772,103440,6815,0.5921,0.019,96918,4346
499,0,20,"New York","10,605","10605",TRUE,57501,131463,5751,0.4895,0.0262,20481,1335
500,0,20,"Kansas City, Missouri","64,129","64129",TRUE,25314,40829,6164,0.4646,0.0741,8768,1089
501,0,20,"Upstate New York","12,603","12603",TRUE,48876,92480,7843,0.4249,0.02,41610,1375
502,1,20,"Boston","2,138","02138",TRUE,,108692,7808,0.5143,0.0224,39370,1733
503,1,20,"California","95,060","95060",TRUE,34870,93839,7147,0.5164,0.0202,47594,1915
504,1,20,"Maryland","20,782","20782",TRUE,35848,71819,4766,0.4327,0.0192,34492,1721
505,1,20,"Manila, Philippines","12,000","12000",FALSE,,,,,,,
506,1,20,"California","90,620","90620",TRUE,45017,104701,5853,0.3912,0.025,47104,1745
507,1,20,"Florida","32,304","32304",TRUE,12416,26060,2088,0.4812,0.0253,45853,1963
508,1,20,"New York","10,804","10804",TRUE,87789,213892,26491,0.4444,0.0274,15127,1135
509,0,21,"working","10,594","10594",TRUE,,167857,48409,0.382,0.0477,5309,781
510,0,21,"Chile","",,FALSE,,,,,,,
511,0,21,"India","395,001",,FALSE,,,,,,,
512,0,21,"Cambridge, MA","2,140","02140",TRUE,,119827,12807,0.4743,0.0256,20060,1215
513,0,21,"Florida","33,418","33418",TRUE,50572,110482,6834,0.5106,0.0203,42372,1691
514,0,21,"New York","11,001","11001",TRUE,49642,132344,9121,0.3976,0.0197,26818,928
515,0,21,"Kansas","67,111","67111",TRUE,20000,54583,18617,0.3818,0.0624,227,77
516,0,21,"California","91,754","91754",TRUE,32508,71735,7212,0.4481,0.016,33931,1152
517,0,21,"Mexico","78,666","78666",TRUE,,44914,3333,0.4594,0.0187,83858,1692
518,0,21,"San Diego","92,028","92028",TRUE,35627,87754,5874,0.4315,0.0167,50661,2416
519,0,21,"Boston","2,420","02420",TRUE,,215303,24253,0.4503,0.0235,15451,828
520,0,21,"Hawaii","96,797","96797",TRUE,46280,97875,3913,0.401,0.015,72943,3002
521,0,21,"Salt Lake City","84,108","84108",TRUE,41191,110697,15396,0.4933,0.0441,21736,1343
522,0,21,"Pennsylvania","19,087","19087",TRUE,71787,151113,14697,0.4624,0.0217,33717,1291
523,0,21,"China","10,027","10027",TRUE,,58435,5213,0.5847,0.0193,65840,2871
524,0,21,"Michigan","48,306","48306",TRUE,72412,161851,6517,0.3821,0.0193,27916,1261
525,0,21,"Saratoga, NY","12,020","12020",TRUE,36510,92344,5382,0.3726,0.0204,33896,1096
526,0,21,"New Jersey","",,FALSE,,,,,,,
527,0,21,"California","90,034","90034",TRUE,32386,88490,3150,0.435,0.0144,53321,2269
528,0,21,"NYC","10,029","10029",TRUE,15863,33901,4162,0.6242,0.0154,77661,3126
529,0,21,"HKG","",,FALSE,,,,,,,
530,0,21,"China","471,001",,FALSE,,,,,,,
531,1,21,"BEIJING, CHINA","11,572","11572",TRUE,,124688,8021,0.3997,0.0184,29791,1272
532,1,21,"California","94,536","94536",TRUE,46272,139636,10127,0.4074,0.0161,72744,2285
533,1,21,"Greece","26,223","26223",FALSE,,,,,,,
534,1,21,"Bangladesh","",,FALSE,,,,,,,
535,1,21,"Maryland","19,380","19380",TRUE,48137,115650,5039,0.4399,0.0171,50510,1426
536,1,21,"Italy","80,131","80131",TRUE,,78125,26926,0.3896,0.1689,265,111
537,1,21,"San Francisco/LA","91,789","91789",TRUE,61686,116583,7068,0.43,0.0205,41829,920
538,1,21,"Born in Iran","12,563","12563",TRUE,,95000,15561,0.3984,0.0638,7316,653
539,1,21,"Russia","7,078","07078",TRUE,,250001,,0.4397,0.0213,14285,604
540,1,21,"Persia","0",,FALSE,,,,,,,
541,1,21,"Indonesia","10,024","10024",TRUE,,153177,17247,0.5752,0.0187,63916,4419
542,1,21,"India and NJ","8,805","08805",TRUE,,71942,6599,0.4505,0.0414,13730,408
543,1,21,"San Diego","95,831","95831",TRUE,47624,86665,5152,0.4328,0.0178,43683,2159
544,1,21,"San Francisco","94,121","94121",TRUE,36673,116970,7718,0.5075,0.0198,43964,1740
545,1,21,"New York City","10,027","10027",TRUE,16767,58435,5213,0.5847,0.0193,65840,2871
546,1,21,"Genova, Italy","16,146","16146",TRUE,,35886,4230,0.4435,0.019,13222,61
547,1,21,"Milan, Italy","",,FALSE,,,,,,,
548,1,21,"Germany","50,354","50354",FALSE,,,,,,,
549,1,21,"Italy","136","00136",FALSE,,,,,,,
550,1,21,"UK","",,FALSE,,,,,,,
551,1,21,"London & New York","11,570","11570",TRUE,55138,138733,14872,0.4626,0.0204,28462,670
552,1,21,"France","78,110","78110",FALSE,,,,,,,
